{  "id" : 0,  "animation" : "idle",  "position" : {    "xpos" : 0,    "ypos" : 0,    "tilex" : 0,    "tiley" : 0  },  "animations" : {    "allFrames" : [ "f1_3rdgeneral_attack_000.png","f1_3rdgeneral_attack_001.png","f1_3rdgeneral_attack_002.png","f1_3rdgeneral_attack_003.png","f1_3rdgeneral_attack_004.png","f1_3rdgeneral_attack_005.png","f1_3rdgeneral_attack_006.png","f1_3rdgeneral_attack_007.png","f1_3rdgeneral_attack_008.png","f1_3rdgeneral_attack_009.png","f1_3rdgeneral_attack_010.png","f1_3rdgeneral_attack_011.png","f1_3rdgeneral_attack_012.png","f1_3rdgeneral_attack_013.png","f1_3rdgeneral_attack_014.png","f1_3rdgeneral_attack_015.png","f1_3rdgeneral_attack_016.png","f1_3rdgeneral_attack_017.png","f1_3rdgeneral_attack_018.png","f1_3rdgeneral_attack_019.png","f1_3rdgeneral_attack_020.png","f1_3rdgeneral_attack_021.png","f1_3rdgeneral_attack_022.png","f1_3rdgeneral_attack_023.png","f1_3rdgeneral_attack_024.png","f1_3rdgeneral_attack_025.png","f1_3rdgeneral_attack_026.png","f1_3rdgeneral_attack_027.png","f1_3rdgeneral_attack_028.png","f1_3rdgeneral_attack_029.png","f1_3rdgeneral_attack_030.png","f1_3rdgeneral_attack_031.png","f1_3rdgeneral_breathing_000.png","f1_3rdgeneral_breathing_001.png","f1_3rdgeneral_breathing_002.png","f1_3rdgeneral_breathing_003.png","f1_3rdgeneral_breathing_004.png","f1_3rdgeneral_breathing_005.png","f1_3rdgeneral_breathing_006.png","f1_3rdgeneral_breathing_007.png","f1_3rdgeneral_breathing_008.png","f1_3rdgeneral_breathing_009.png","f1_3rdgeneral_breathing_010.png","f1_3rdgeneral_breathing_011.png","f1_3rdgeneral_breathing_012.png","f1_3rdgeneral_breathing_013.png","f1_3rdgeneral_castend_000.png","f1_3rdgeneral_castend_001.png","f1_3rdgeneral_castend_002.png","f1_3rdgeneral_castend_003.png","f1_3rdgeneral_castend_004.png","f1_3rdgeneral_castend_005.png","f1_3rdgeneral_castend_006.png","f1_3rdgeneral_castendsample_000.png","f1_3rdgeneral_castendsample_001.png","f1_3rdgeneral_castendsample_002.png","f1_3rdgeneral_castendsample_003.png","f1_3rdgeneral_castendsample_004.png","f1_3rdgeneral_castendsample_005.png","f1_3rdgeneral_castendsample_006.png","f1_3rdgeneral_castendsample_007.png","f1_3rdgeneral_castendsample_008.png","f1_3rdgeneral_castendsample_009.png","f1_3rdgeneral_castendsample_010.png","f1_3rdgeneral_castendsample_011.png","f1_3rdgeneral_castendsample_012.png","f1_3rdgeneral_castendsample_013.png","f1_3rdgeneral_castendsample_014.png","f1_3rdgeneral_castendsample_015.png","f1_3rdgeneral_castendsample_016.png","f1_3rdgeneral_castendsample_017.png","f1_3rdgeneral_castendsample_018.png","f1_3rdgeneral_castendsample_019.png","f1_3rdgeneral_castendsample_020.png","f1_3rdgeneral_castendsample_021.png","f1_3rdgeneral_castendsample_022.png","f1_3rdgeneral_castendsample_023.png","f1_3rdgeneral_castendsample_024.png","f1_3rdgeneral_castendsample_025.png","f1_3rdgeneral_castendsample_026.png","f1_3rdgeneral_castendsample_027.png","f1_3rdgeneral_castendsample_028.png","f1_3rdgeneral_castendsample_029.png","f1_3rdgeneral_castendsample_030.png","f1_3rdgeneral_castendsample_031.png","f1_3rdgeneral_castendsample_032.png","f1_3rdgeneral_castendsample_033.png","f1_3rdgeneral_castendsample_034.png","f1_3rdgeneral_castendsample_035.png","f1_3rdgeneral_castendsample_036.png","f1_3rdgeneral_castendsample_037.png","f1_3rdgeneral_castendsample_038.png","f1_3rdgeneral_castendsample_039.png","f1_3rdgeneral_castendsample_040.png","f1_3rdgeneral_castendsample_041.png","f1_3rdgeneral_castendsample_042.png","f1_3rdgeneral_castendsample_043.png","f1_3rdgeneral_castendsample_044.png","f1_3rdgeneral_castendsample_045.png","f1_3rdgeneral_castendsample_046.png","f1_3rdgeneral_castendsample_047.png","f1_3rdgeneral_castendsample_048.png","f1_3rdgeneral_castendsample_049.png","f1_3rdgeneral_castendsample_050.png","f1_3rdgeneral_castendsample_051.png","f1_3rdgeneral_castendsample_052.png","f1_3rdgeneral_castendsample_053.png","f1_3rdgeneral_castendsample_054.png","f1_3rdgeneral_castendsample_055.png","f1_3rdgeneral_castloop_000.png","f1_3rdgeneral_castloop_001.png","f1_3rdgeneral_castloop_002.png","f1_3rdgeneral_castloop_003.png","f1_3rdgeneral_caststart_000.png","f1_3rdgeneral_caststart_001.png","f1_3rdgeneral_caststart_002.png","f1_3rdgeneral_caststart_003.png","f1_3rdgeneral_caststart_004.png","f1_3rdgeneral_caststart_005.png","f1_3rdgeneral_caststart_006.png","f1_3rdgeneral_death_000.png","f1_3rdgeneral_death_001.png","f1_3rdgeneral_death_002.png","f1_3rdgeneral_death_003.png","f1_3rdgeneral_death_004.png","f1_3rdgeneral_death_005.png","f1_3rdgeneral_death_006.png","f1_3rdgeneral_death_007.png","f1_3rdgeneral_death_008.png","f1_3rdgeneral_death_009.png","f1_3rdgeneral_death_010.png","f1_3rdgeneral_death_011.png","f1_3rdgeneral_hit_000.png","f1_3rdgeneral_hit_001.png","f1_3rdgeneral_hit_002.png","f1_3rdgeneral_idle_000.png","f1_3rdgeneral_idle_001.png","f1_3rdgeneral_idle_002.png","f1_3rdgeneral_idle_003.png","f1_3rdgeneral_idle_004.png","f1_3rdgeneral_idle_005.png","f1_3rdgeneral_idle_006.png","f1_3rdgeneral_idle_007.png","f1_3rdgeneral_idle_008.png","f1_3rdgeneral_idle_009.png","f1_3rdgeneral_idle_010.png","f1_3rdgeneral_idle_011.png","f1_3rdgeneral_idle_012.png","f1_3rdgeneral_idle_013.png","f1_3rdgeneral_idle_014.png","f1_3rdgeneral_idle_015.png","f1_3rdgeneral_run_000.png","f1_3rdgeneral_run_001.png","f1_3rdgeneral_run_002.png","f1_3rdgeneral_run_003.png","f1_3rdgeneral_run_004.png","f1_3rdgeneral_run_005.png","f1_3rdgeneral_run_006.png","f1_3rdgeneral_run_007.png","f1_3rdgeneral_run_008.png","f1_3rdgeneral_run_009.png" ],	"frameDIR": "assets/game/extra/units/f1_3rdgeneral/",    "idle" : {      "frameStartEndIndices" : [ 135, 150 ],      "fps" : 8,      "loop" : true    },    "death" : {      "frameStartEndIndices" : [ 120, 132 ],      "fps" : 8,      "loop" : false    },    "attack" : {      "frameStartEndIndices" : [ 0, 31 ],      "fps" : 20,      "loop" : false    },    "move" : {      "frameStartEndIndices" : [ 151, 160 ],      "fps" : 8,      "loop" : true    },    "channel" : {      "frameStartEndIndices" : [ 109, 119 ],      "fps" : 8,      "loop" : true    },    "hit" : {      "frameStartEndIndices" : [ 132, 134 ],      "fps" : 8,      "loop" : false    }  },  "correction" : {    "imgWidth" : 130,    "imgHeight" : 100,	"scale": 1.3,    "offsetX": -10,    "offsetY": -18,    "spriteTopLeftX" : 15,    "spriteTopLeftY" : 70,    "reflected": true  }}