{  "id" : 0,  "animation" : "idle",  "position" : {    "xpos" : 0,    "ypos" : 0,    "tilex" : 0,    "tiley" : 0  },  "animations" : {    "allFrames" : [ "neutral_beastswamp_attack_000.png","neutral_beastswamp_attack_001.png","neutral_beastswamp_attack_002.png","neutral_beastswamp_attack_003.png","neutral_beastswamp_attack_004.png","neutral_beastswamp_attack_005.png","neutral_beastswamp_attack_006.png","neutral_beastswamp_attack_007.png","neutral_beastswamp_attack_008.png","neutral_beastswamp_attack_009.png","neutral_beastswamp_attack_010.png","neutral_beastswamp_attack_011.png","neutral_beastswamp_breathing_000.png","neutral_beastswamp_breathing_001.png","neutral_beastswamp_breathing_002.png","neutral_beastswamp_breathing_003.png","neutral_beastswamp_breathing_004.png","neutral_beastswamp_breathing_005.png","neutral_beastswamp_breathing_006.png","neutral_beastswamp_breathing_007.png","neutral_beastswamp_breathing_008.png","neutral_beastswamp_breathing_009.png","neutral_beastswamp_breathing_010.png","neutral_beastswamp_breathing_011.png","neutral_beastswamp_breathing_012.png","neutral_beastswamp_breathing_013.png","neutral_beastswamp_death_000.png","neutral_beastswamp_death_001.png","neutral_beastswamp_death_002.png","neutral_beastswamp_death_003.png","neutral_beastswamp_death_004.png","neutral_beastswamp_death_005.png","neutral_beastswamp_death_006.png","neutral_beastswamp_death_007.png","neutral_beastswamp_hit_000.png","neutral_beastswamp_hit_001.png","neutral_beastswamp_hit_002.png","neutral_beastswamp_idle_000.png","neutral_beastswamp_idle_001.png","neutral_beastswamp_idle_002.png","neutral_beastswamp_idle_003.png","neutral_beastswamp_idle_004.png","neutral_beastswamp_idle_005.png","neutral_beastswamp_idle_006.png","neutral_beastswamp_idle_007.png","neutral_beastswamp_idle_008.png","neutral_beastswamp_idle_009.png","neutral_beastswamp_idle_010.png","neutral_beastswamp_idle_011.png","neutral_beastswamp_run_000.png","neutral_beastswamp_run_001.png","neutral_beastswamp_run_002.png","neutral_beastswamp_run_003.png","neutral_beastswamp_run_004.png","neutral_beastswamp_run_005.png","neutral_beastswamp_run_006.png","neutral_beastswamp_run_007.png","neutral_beastswamp_run_008.png","neutral_beastswamp_run_009.png" ],    "frameDIR": "assets/game/extra/units/neutral_beastswamp/",    "idle" : {      "frameStartEndIndices" : [ 0, 0 ],      "fps" : 8,      "loop" : true    },    "death" : {      "frameStartEndIndices" : [ 0, 0 ],      "fps" : 8,      "loop" : false    },    "attack" : {      "frameStartEndIndices" : [ 0, 0 ],      "fps" : 8,      "loop" : false    },    "move" : {      "frameStartEndIndices" : [ 0, 0 ],      "fps" : 8,      "loop" : true    },    "channel" : {      "frameStartEndIndices" : [ 0, 0 ],      "fps" : 8,      "loop" : true    },    "hit" : {      "frameStartEndIndices" : [ 0, 0 ],      "fps" : 8,      "loop" : false    }  },  "correction" : {    "imgWidth" : 80,    "imgHeight" : 80,    "scale": 1.5,    "offsetX": 0,    "offsetY": 10,    "spriteTopLeftX" : 0,    "spriteTopLeftY" : 0,    "reflected" : true  }}