{
	"id": 2,
	"cardname": "Skyrock Golem",
	"manacost": 2,
	"miniCard": {
		"cardTextures": [
			"assets/game/extra/cards/card_background.png",
			"assets/game/extra/cards/card_background_highlight.png"
		],
		"animationFrames": [],
		"fps": 10,
		"index": 0
	},
	"bigCard": {
		"rulesTextRows": [],
		"cardTextures": [
			"assets/game/extra/cards/neutral_unit_h.png"
		],
		"attack": 4,
		"health": 2
	},
	"isCreature": true,
	"unitConfig": "conf/gameconfs/units/skyrock_golem.json"
}