{
	"id": 2,
	"cardname": "Saberspine Tiger",
	"manacost": 3,
	"miniCard": {
		"cardTextures": [
			"assets/game/extra/cards/card_background.png",
			"assets/game/extra/cards/card_background_highlight.png"
		],
		"animationFrames": [],
		"fps": 10,
		"index": 0
	},
	"bigCard": {
		"rulesTextRows": ["Rush"],
		"cardTextures": [
			"assets/game/extra/cards/neutral_unit_h.png"
		],
		"attack": 3,
		"health": 2
	},
	"isCreature": true,
	"unitConfig": "conf/gameconfs/units/saberspine_tiger.json"
}