{
	"id": 0,
	"cardname": "Silverguard Squire",
	"manacost": 1,
	"miniCard": {
		"cardTextures": [
			"assets/game/extra/cards/card_background.png",
			"assets/game/extra/cards/card_background_highlight.png"
		],
		"animationFrames": [],
		"fps": 10,
		"index": 0
	},
	"bigCard": {
		"rulesTextRows": [
			"Opening Gambit: Allied units in-front",
			"and behind you get +1/+1."
		],
		"cardTextures": [
			"assets/game/extra/cards/neutral_unit_h.png"
		],
		"attack": 1,
		"health": 1
	},
	"isCreature": true,
	"unitConfig": "conf/gameconfs/units/silverguard_squire.json"
}