{
	"id": 0,
	"cardname": "Ironcliff Guardian",
	"manacost": 5,
	"miniCard": {
		"cardTextures": [
			"assets/game/extra/cards/card_background.png",
			"assets/game/extra/cards/card_background_highlight.png"
		],
		"animationFrames": [
			"assets/game/extra/units/f1_ironcliffeguardian/f1_ironcliffeguardian_run_000.png", "assets/game/extra/units/f1_ironcliffeguardian/f1_ironcliffeguardian_run_001.png", "assets/game/extra/units/f1_ironcliffeguardian/f1_ironcliffeguardian_run_002.png", "assets/game/extra/units/f1_ironcliffeguardian/f1_ironcliffeguardian_run_003.png", "assets/game/extra/units/f1_ironcliffeguardian/f1_ironcliffeguardian_run_004.png", "assets/game/extra/units/f1_ironcliffeguardian/f1_ironcliffeguardian_run_005.png", "assets/game/extra/units/f1_ironcliffeguardian/f1_ironcliffeguardian_run_006.png", "assets/game/extra/units/f1_ironcliffeguardian/f1_ironcliffeguardian_run_007.png"
		],
		"fps": 10,
		"index": 0
	},
	"bigCard": {
		"rulesTextRows": [
			"Provoke, Airdrop" 
		],
		"cardTextures": [
			"assets/game/extra/cards/neutral_unit_h.png"
		],
		"attack": 3,
		"health": 10
	},
	"isCreature": true,
	"unitConfig": "conf/gameconfs/units/ironcliff_guardian.json"
}